{
    "brand": [
        {
            "language_tag": "nl_NL",
            "value": "find."
        }
    ],
    "bullet_point": [
        {
            "language_tag": "nl_NL",
            "value": "Schoen in Loafer-stijl"
        },
        {
            "language_tag": "nl_NL",
            "value": "Platform hak"
        },
        {
            "language_tag": "nl_NL",
            "value": "Cap teen"
        },
        {
            "language_tag": "nl_NL",
            "value": "Middenhak"
        }
    ],
    "color": [
        {
            "language_tag": "nl_NL",
            "value": "Veelkleurig Vrouw Blauw"
        }
    ],
    "item_id": "B06X9STHNG",
    "item_name": [
        {
            "language_tag": "nl_NL",
            "value": "Amazon-merk - vinden. Dames Leder Gesloten Teen Hakken,Veelkleurig Vrouw Blauw,5 UK"
        }
    ],
    "model_name": [
        {
            "language_tag": "nl_NL",
            "value": "37753"
        }
    ],
    "model_number": [
        {
            "value": "12-05-04"
        }
    ],
    "model_year": [
        {
            "value": 2017
        }
    ],
    "product_type": [
        {
            "value": "SHOES"
        }
    ],
    "style": [
        {
            "language_tag": "nl_NL",
            "value": "Gesloten-teen pompen"
        }
    ],
    "main_image_id": "81iZlv3bjpL",
    "other_image_id": [
        "91mIRxgziUL",
        "91eqBkW06wL",
        "A1BHZSKNbkL"
    ],
    "item_keywords": [
        {
            "language_tag": "nl_NL",
            "value": "block heel shoes"
        },
        {
            "language_tag": "nl_NL",
            "value": "loafer shoes"
        },
        {
            "language_tag": "nl_NL",
            "value": "loafers"
        },
        {
            "language_tag": "nl_NL",
            "value": "metallic shoes"
        },
        {
            "language_tag": "nl_NL",
            "value": "womens block heel shoes"
        },
        {
            "language_tag": "nl_NL",
            "value": "womens fashion"
        },
        {
            "language_tag": "nl_NL",
            "value": "womens loafer shoes"
        },
        {
            "language_tag": "nl_NL",
            "value": "womens loafers"
        },
        {
            "language_tag": "nl_NL",
            "value": "womens shoes"
        },
        {
            "language_tag": "nl_NL",
            "value": "womenswear"
        }
    ],
    "country": "NL",
    "marketplace": "Amazon",
    "domain_name": "amazon.nl",
    "node": [
        {
            "node_id": 16391787031,
            "node_name": "/Categorie\u00ebn/Dames/Schoenen/Pumps"
        }
    ]
}